ID,MeasurementTitle,PlateName,WellID,Row,Column,RowName,ColumnName,WellName,Compound,Dose,GraphSeriesNo,ControlType,CellName,SampleVolume,ReagentVolume,Unit,DateTime,Timepoint,ElapsedTime,Description,[Cell] Count,[Cell] (Nuclei) Area (AVG),[Cell] (Nuclei) Area (SD),[Cell] (Nuclei) X-CoordinateInWell (AVG),[Cell] (Nuclei) X-CoordinateInWell (SD),[Cell] (Nuclei) Y-CoordinateInWell (AVG),[Cell] (Nuclei) Y-CoordinateInWell (SD),[Cell] (Nuclei) MinX (AVG),[Cell] (Nuclei) MinX (SD),[Cell] (Nuclei) MaxX (AVG),[Cell] (Nuclei) MaxX (SD),[Cell] (Nuclei) MinY (AVG),[Cell] (Nuclei) MinY (SD),[Cell] (Nuclei) MaxY (AVG),[Cell] (Nuclei) MaxY (SD),[Cell] (Nuclei) Diameter (AVG),[Cell] (Nuclei) Diameter (SD),[Cell] (Nuclei) Circumference (AVG),[Cell] (Nuclei) Circumference (SD),[Cell] (Nuclei) Circularity (AVG),[Cell] (Nuclei) Circularity (SD),[Cell] (Nuclei) Compactness (AVG),[Cell] (Nuclei) Compactness (SD),[Cell] (Nuclei) Anisometry (AVG),[Cell] (Nuclei) Anisometry (SD),[Cell] (Nuclei) MeanIntensity CH1 (AVG),[Cell] (Nuclei) MeanIntensity CH1 (SD),[Cell] (Nuclei) MeanIntensity CH2 (AVG),[Cell] (Nuclei) MeanIntensity CH2 (SD),[Cell] (Foci (Nuclei)) COUNT (AVG),[Cell] (Foci (Nuclei)) COUNT (SD),[Cell] (Foci (Nuclei)) TotalIntensity CH2 AVG (AVG),[Cell] (Foci (Nuclei)) TotalIntensity CH2 AVG (SD),[Cell] (Foci (Nuclei)) TotalIntensity CH2 MEDIAN (AVG),[Cell] (Foci (Nuclei)) TotalIntensity CH2 MEDIAN (SD),[Cell] (Foci (Nuclei)) MeanIntensity CH2 AVG (AVG),[Cell] (Foci (Nuclei)) MeanIntensity CH2 AVG (SD),[Cell] (Foci (Nuclei)) MeanIntensity CH2 MEDIAN (AVG),[Cell] (Foci (Nuclei)) MeanIntensity CH2 MEDIAN (SD),[Cell] Focci intensity norm (AVG),[Cell] Focci intensity norm (SD)
1,Aurora 384_jd foci siRNA SP TP-JD035_20230209_152834,TP-JD035,128,6,8,F,8,F-08,NT,0,1,Test,,0,0,uM,2023-02-09 15:28:42 +01:00,1,0,,11,86.7721,25.3251,224.7914,580.5894,72.2507,742.5214,107.3997,50.0846,119.8316,51.4271,136.6327,49.2634,148.5551,48.6350,15.1159,3.0026,44.9704,7.7374,0.485516,0.095645,1.909707,0.345395,1.857413,0.473673,422.4525,60.9043,869.3687,220.8208,5.55,4.59,21610.56,13766.42,21020.82,13674.25,1082.1195,554.3887,1054.8192,565.3011,265.175867,184.431932
57,Aurora 384_jd foci siRNA SP TP-JD035_20230209_152834,TP-JD035,129,6,9,F,9,F-09,siCON1 ,0,2,Test,,0,0,uM,2023-02-09 15:31:34 +01:00,1,0,,23,107.4916,28.4559,-257.8298,550.5246,18.6734,644.6761,125.9412,42.9858,139.6083,43.3037,112.0399,57.4924,124.5216,56.9434,16.1783,2.8572,44.4835,6.8700,0.526192,0.106820,1.503249,0.205662,1.888068,0.408567,469.7171,57.6977,997.5360,161.3535,9.43,5.78,30619.66,10729.80,27231.74,12965.79,1379.1796,318.6911,1316.8572,401.9751,319.616734,200.328537
19,Aurora 384_jd foci siRNA SP TP-JD035_20230209_152834,TP-JD035,130,6,10,F,10,F-10,siCON2,0,3,Test,,0,0,uM,2023-02-09 15:34:26 +01:00,1,0,,10,101.9037,56.1539,213.5958,534.0053,41.5776,502.2756,105.8009,50.2981,118.5276,51.1577,108.2579,56.2993,120.3488,55.7024,15.2689,7.4870,42.0792,16.3066,0.586018,0.149971,1.441002,0.333516,1.863778,0.999437,497.1260,90.6789,1006.4774,192.7413,7.20,7.19,24146.09,10402.77,20838.40,9223.22,1191.7296,260.9086,1097.6847,198.8862,307.887686,220.562887
41,Aurora 384_jd foci siRNA SP TP-JD035_20230209_152834,TP-JD035,131,6,11,F,11,F-11,siLuc,0,4,Test,,0,0,uM,2023-02-09 15:37:18 +01:00,1,0,,6,109.8522,52.4946,236.2310,917.5334,-329.8267,690.3212,128.1472,62.0288,141.4379,60.5385,120.1908,82.4925,132.9785,78.2527,16.1608,5.4873,43.7631,10.5666,0.538706,0.134115,1.466387,0.103047,1.880761,0.604364,532.5610,48.5678,1027.6212,108.4291,6.17,3.06,30857.44,11774.54,31023.67,12716.90,1394.7308,306.1216,1413.4430,353.9117,353.437283,199.448935
6,Aurora 384_jd foci siRNA SP TP-JD035_20230209_152834,TP-JD035,132,6,12,F,12,F-12,siPLK1,0,5,Test,,0,0,uM,2023-02-09 15:40:10 +01:00,1,0,,321,113.6722,50.6868,-105.2243,690.1094,-234.6520,596.1251,98.3896,58.8620,112.1348,58.9863,101.9125,58.8771,115.1008,58.8366,16.0454,4.2924,51.1532,15.1736,0.549338,0.128031,1.958817,0.610717,1.612938,0.465610,650.5541,114.2048,340.5690,127.0382,1.88,3.15,6611.48,9994.61,6233.81,9789.56,379.2141,413.0013,370.2838,410.5470,68.872497,108.649857
3,Aurora 384_jd foci siRNA SP TP-JD035_20230209_152834,TP-JD035,133,6,13,F,13,F-13,siDDX17,0,6,Test,,0,0,uM,2023-02-09 15:43:01 +01:00,1,0,,2,165.2254,12.8262,-619.5528,70.5142,-84.0650,1349.3626,132.8169,83.5907,150.7593,80.6189,125.2197,22.0978,139.0671,22.3264,18.8659,3.1527,55.1984,9.5457,0.606608,0.152645,1.474144,0.393110,1.316338,0.066474,493.8519,105.2298,855.7863,292.5801,19.00,18.38,19600.37,1270.02,15840.50,452.55,1087.5725,50.7372,1001.4271,5.0175,118.687365,1.526979
4,Aurora 384_jd foci siRNA SP TP-JD035_20230209_152834,TP-JD035,134,6,14,F,14,F-14,siSETX,0,7,Test,,0,0,uM,2023-02-09 15:45:53 +01:00,1,0,,100,113.0119,36.5714,10.7880,545.1260,-217.1445,582.0881,109.9993,56.4705,122.8133,56.5682,101.4667,45.3767,114.3540,45.0830,15.8396,3.1891,43.4112,8.0472,0.575776,0.124008,1.370017,0.217799,1.761997,0.433900,574.6312,71.6420,803.4600,158.0110,15.23,8.93,20278.64,6266.39,16168.07,4843.81,1088.8890,220.5134,1012.8644,203.1867,196.647446,86.744387
15,Aurora 384_jd foci siRNA SP TP-JD035_20230209_152834,TP-JD035,135,6,15,F,15,F-15,siMSH3,0,8,Test,,0,0,uM,2023-02-09 15:48:45 +01:00,1,0,,24,92.6886,48.9911,172.2083,730.3638,-172.8461,642.6755,127.2088,70.5280,140.2794,68.8343,116.1407,62.2981,127.8868,62.0690,15.0715,4.2657,46.1475,16.2838,0.503378,0.137276,1.984477,0.735282,1.758192,0.572318,530.8947,124.4206,955.9801,172.1517,7.08,5.17,21142.70,7043.27,19421.44,7165.86,1091.6672,296.3171,1061.2835,318.9198,313.237919,258.379600
25,Aurora 384_jd foci siRNA SP TP-JD035_20230209_152834,TP-JD035,136,6,16,F,16,F-16,siTHOC1,0,9,Test,,0,0,uM,2023-02-09 15:51:37 +01:00,1,0,,12,135.8723,75.2620,-66.4969,608.8902,-258.0533,598.6885,94.9475,44.6652,108.3190,47.3243,101.9341,58.5894,115.1978,59.6799,15.9264,4.7198,45.0542,13.9273,0.627620,0.099726,1.291693,0.119003,1.620304,0.314008,540.3925,83.5112,812.3771,166.3689,13.42,9.89,22499.52,7420.95,18568.29,7266.10,1112.1789,253.7054,1043.9288,213.5044,252.810091,211.686805
24,Aurora 384_jd foci siRNA SP TP-JD035_20230209_152834,TP-JD035,137,6,17,F,17,F-17,NT,0,10,Test,,0,0,uM,2023-02-09 15:54:28 +01:00,1,0,,14,163.6527,67.5154,-345.0407,543.0939,281.4314,763.8941,115.4749,61.8361,131.1466,62.9223,113.0810,58.3501,128.6758,56.8214,18.0698,3.2832,56.2893,11.3686,0.609796,0.088812,1.620383,0.287443,1.558924,0.285729,544.1134,82.2355,999.7156,107.9345,11.64,9.14,23308.01,7395.99,19511.11,6260.33,1209.2487,276.9009,1106.2378,245.5416,164.886787,89.453608
17,Aurora 384_jd foci siRNA SP TP-JD035_20230209_152834,TP-JD035,152,7,8,G,8,G-08,NT,0,1,Test,,0,0,uM,2023-02-09 16:24:16 +01:00,1,0,,18,121.4268,57.2421,91.9337,697.1027,-103.9783,667.7848,115.7965,55.5349,128.9854,56.3691,85.4614,56.8171,99.1951,56.7418,15.8012,3.9859,47.0801,12.3574,0.599180,0.120227,1.530731,0.277289,1.536368,0.424824,592.5617,115.2810,881.9811,193.0599,13.67,7.28,24864.45,9396.15,21900.33,10515.53,1238.3465,307.9691,1165.9658,322.2696,265.954859,192.027060
8,Aurora 384_jd foci siRNA SP TP-JD035_20230209_152834,TP-JD035,153,7,9,G,9,G-09,siCON1 ,0,2,Test,,0,0,uM,2023-02-09 16:21:25 +01:00,1,0,,21,115.3179,35.1908,55.3125,780.3526,-93.9888,625.1429,126.9798,65.8186,140.2397,65.4418,109.4915,69.6741,122.9053,69.2145,16.3205,3.6624,45.2494,8.7675,0.560857,0.125609,1.455408,0.256580,1.809434,0.461164,558.9102,86.8597,853.2080,185.2349,14.00,7.08,25715.97,7202.15,20149.98,7405.60,1281.6955,273.4937,1165.4894,273.4899,249.326820,119.469200
45,Aurora 384_jd foci siRNA SP TP-JD035_20230209_152834,TP-JD035,154,7,10,G,10,G-10,siCON2,0,3,Test,,0,0,uM,2023-02-09 16:18:33 +01:00,1,0,,40,123.8769,31.2724,47.1486,648.0048,-53.8665,671.1456,127.3318,60.3156,141.5995,60.5127,116.9570,45.9967,130.1902,46.2248,16.9996,3.2860,47.0949,8.7915,0.555101,0.120652,1.454253,0.279732,1.840485,0.576728,549.4385,55.3800,809.0058,138.8375,12.13,6.65,22164.80,6862.75,17233.84,5642.21,1130.6318,224.8810,1058.9621,225.5081,185.380178,60.298484
38,Aurora 384_jd foci siRNA SP TP-JD035_20230209_152834,TP-JD035,155,7,11,G,11,G-11,siLuc,0,4,Test,,0,0,uM,2023-02-09 16:15:41 +01:00,1,0,,47,110.5748,37.6631,160.9264,638.4354,-64.5170,760.8315,115.1244,51.7637,127.9344,51.9505,94.5579,55.2917,107.5627,55.0231,15.9651,3.8465,43.6250,8.4803,0.561716,0.130213,1.415696,0.217046,1.835959,0.528722,546.7324,80.4644,1002.3816,141.3716,9.85,5.80,25603.04,9354.51,20231.65,7450.54,1237.4776,318.7703,1124.5593,298.1167,264.045971,159.995700
16,Aurora 384_jd foci siRNA SP TP-JD035_20230209_152834,TP-JD035,156,7,12,G,12,G-12,siPLK1,0,5,Test,,0,0,uM,2023-02-09 16:12:49 +01:00,1,0,,321,114.5250,56.2998,-120.3061,712.9781,-160.1438,579.9901,101.2548,58.2644,115.4361,58.2173,111.7964,57.8222,125.2999,57.1478,16.8015,4.7380,53.6822,18.4500,0.501242,0.121955,2.151508,0.813092,1.695115,0.498800,630.3804,115.8750,298.8674,113.4020,1.99,7.72,6103.26,9353.26,5468.36,7573.47,349.7712,419.9723,336.6245,385.0841,56.445589,89.595063
11,Aurora 384_jd foci siRNA SP TP-JD035_20230209_152834,TP-JD035,157,7,13,G,13,G-13,siDDX17,0,6,Test,,0,0,uM,2023-02-09 16:09:58 +01:00,1,0,,8,112.1612,27.6803,189.7768,621.0385,-227.8959,421.4884,109.4729,47.7671,121.5288,49.4855,107.3716,78.1198,121.7578,79.4758,16.7648,2.1055,45.1760,6.8190,0.517813,0.160940,1.477065,0.253422,2.092613,0.746433,505.2209,68.2100,1057.8192,118.4528,13.63,9.02,31770.73,7078.38,24978.81,6098.20,1419.3526,247.9442,1220.0330,269.4685,302.072111,110.721090
54,Aurora 384_jd foci siRNA SP TP-JD035_20230209_152834,TP-JD035,158,7,14,G,14,G-14,siSETX,0,7,Test,,0,0,uM,2023-02-09 16:07:06 +01:00,1,0,,41,114.2980,36.1726,174.7412,698.5917,-98.0959,689.7397,111.5418,57.9399,124.5521,58.2412,110.3643,51.1488,124.2130,51.5944,16.7389,3.2339,44.8505,8.0096,0.526896,0.130529,1.448821,0.236703,1.970094,0.633017,551.0080,89.5161,861.3475,170.5890,14.37,9.39,22563.20,6122.49,18289.05,5069.40,1170.5748,200.9762,1064.2931,179.5829,213.616413,83.815453
13,Aurora 384_jd foci siRNA SP TP-JD035_20230209_152834,TP-JD035,159,7,15,G,15,G-15,siMSH3,0,8,Test,,0,0,uM,2023-02-09 16:04:14 +01:00,1,0,,6,109.0296,30.4667,187.6176,887.1925,-252.5549,668.8978,116.4909,44.2538,128.0933,44.9339,114.5333,58.0092,128.2550,58.5810,14.9435,3.0425,45.2783,12.6654,0.630802,0.125343,1.559792,0.726358,1.415612,0.252258,537.3321,69.9200,1010.8379,52.9915,7.33,7.47,22262.12,6835.12,21722.17,7043.86,1137.7615,193.1922,1155.2421,230.1231,214.345848,63.643252
12,Aurora 384_jd foci siRNA SP TP-JD035_20230209_152834,TP-JD035,160,7,16,G,16,G-16,siTHOC1,0,9,Test,,0,0,uM,2023-02-09 16:01:22 +01:00,1,0,,27,115.3815,36.2832,83.1078,580.3905,65.9033,686.8284,114.8945,58.4971,128.0574,58.0882,91.0032,47.6401,104.8207,46.9754,16.6182,3.3435,47.2305,10.3177,0.535914,0.124511,1.572636,0.275955,1.902422,0.509428,535.8318,100.0090,841.9479,134.6744,10.22,5.82,21429.76,5089.91,18346.11,4711.76,1106.6431,177.4626,1026.8406,168.4730,208.803807,93.964657
30,Aurora 384_jd foci siRNA SP TP-JD035_20230209_152834,TP-JD035,161,7,17,G,17,G-17,NT,0,10,Test,,0,0,uM,2023-02-09 15:58:30 +01:00,1,0,,23,119.3012,57.0093,189.3713,453.2287,-13.8871,623.5610,95.7116,67.0100,109.1022,67.1009,97.1500,70.0637,110.9623,70.7402,16.1244,4.3757,48.8774,16.0524,0.573827,0.102182,1.647792,0.419342,1.628321,0.330043,492.5846,80.5156,999.2404,144.0002,11.91,9.05,24115.48,7122.11,21279.48,6928.08,1272.1637,275.8184,1187.8811,236.8397,248.192595,135.690333
27,Aurora 384_jd foci siRNA SP TP-JD035_20230209_152834,TP-JD035,176,8,8,H,8,H-08,NT,0,1,Test,,0,0,uM,2023-02-09 16:27:08 +01:00,1,0,,16,120.8838,48.2392,106.7895,573.9623,95.0799,735.6060,133.8204,38.7845,146.4825,38.7293,134.7499,48.1494,148.6041,47.5447,15.9302,3.3643,46.0256,10.0751,0.583057,0.087604,1.445323,0.170685,1.564086,0.284221,612.5721,97.6459,915.3971,157.3113,14.50,9.03,23938.55,7066.97,19083.19,6945.57,1242.2661,267.2873,1093.2001,250.3846,223.808457,100.286025
35,Aurora 384_jd foci siRNA SP TP-JD035_20230209_152834,TP-JD035,177,8,9,H,9,H-09,siCON1 ,0,2,Test,,0,0,uM,2023-02-09 16:31:10 +01:00,1,0,,18,123.8364,43.7174,180.4969,606.3613,-95.1762,561.4641,108.9715,67.2308,121.1846,67.4672,88.0178,65.6744,102.6734,65.2091,16.1526,2.8908,46.4680,10.3701,0.586037,0.071843,1.433776,0.219572,1.630205,0.232147,576.6106,71.9958,954.6415,124.5754,14.56,6.87,26505.25,8174.18,21084.25,7818.04,1274.4574,281.5974,1144.1891,291.0358,251.191410,156.058644
14,Aurora 384_jd foci siRNA SP TP-JD035_20230209_152834,TP-JD035,178,8,10,H,10,H-10,siCON2,0,3,Test,,0,0,uM,2023-02-09 16:34:01 +01:00,1,0,,24,120.1013,28.8951,-298.8841,498.7282,-100.0086,705.7193,122.2472,63.0540,137.1723,62.5157,105.5800,54.8341,118.4800,54.1363,17.6306,3.5593,48.0643,7.6052,0.502894,0.097615,1.555558,0.232859,1.979738,0.582776,571.6479,90.7162,918.9171,159.5649,10.96,5.71,24535.58,11414.15,17644.81,7414.79,1151.9565,352.0036,1026.4696,329.5616,218.980987,130.999427
26,Aurora 384_jd foci siRNA SP TP-JD035_20230209_152834,TP-JD035,179,8,11,H,11,H-11,siLuc,0,4,Test,,0,0,uM,2023-02-09 16:36:53 +01:00,1,0,,18,128.2041,40.2833,-464.8623,540.5164,-299.6156,557.8719,97.4649,52.8142,111.1866,52.2063,113.1383,54.7283,127.3091,54.0807,16.6258,2.7973,48.2114,6.9382,0.582441,0.112727,1.516272,0.298958,1.648417,0.353420,532.3750,95.8383,977.1586,179.7032,9.11,6.31,29563.05,12145.82,24526.06,14206.52,1337.0387,264.2717,1228.7573,303.4051,255.172644,143.859959
23,Aurora 384_jd foci siRNA SP TP-JD035_20230209_152834,TP-JD035,180,8,12,H,12,H-12,siPLK1,0,5,Test,,0,0,uM,2023-02-09 16:39:44 +01:00,1,0,,239,125.7478,55.9285,-113.7080,689.9164,-18.0994,631.4915,109.4828,50.7903,123.2845,50.7365,100.6607,55.7456,115.2789,55.6082,17.0300,4.2899,53.7145,16.2910,0.535536,0.132622,1.959321,0.618244,1.638868,0.494691,671.3026,118.7998,311.2062,119.1388,1.97,3.46,7217.21,10327.02,6948.87,10140.98,411.2248,424.4025,407.6112,423.0591,64.747549,98.682427
9,Aurora 384_jd foci siRNA SP TP-JD035_20230209_152834,TP-JD035,181,8,13,H,13,H-13,siDDX17,0,6,Test,,0,0,uM,2023-02-09 16:42:35 +01:00,1,0,,7,123.4993,24.5092,-206.5894,642.3800,287.1066,521.8259,100.7577,73.7013,114.8591,72.5358,108.3472,73.9002,121.2787,72.1459,16.0372,2.3126,45.6416,6.9857,0.613269,0.106123,1.345888,0.157376,1.569680,0.232729,539.1177,62.9590,920.6349,297.1495,14.86,7.56,25106.99,7710.78,21380.50,7412.65,1180.5870,300.4263,1080.5572,261.3261,214.497313,85.984358
22,Aurora 384_jd foci siRNA SP TP-JD035_20230209_152834,TP-JD035,182,8,14,H,14,H-14,siSETX,0,7,Test,,0,0,uM,2023-02-09 16:45:27 +01:00,1,0,,49,114.7215,28.8347,-7.6031,703.2764,77.8306,627.5547,124.2432,47.6567,137.7113,48.1318,102.2971,51.8271,115.2022,51.7705,16.0248,3.1113,44.6097,8.9364,0.580850,0.124555,1.409065,0.416529,1.716667,0.416398,590.9797,92.4150,745.0900,171.0503,15.04,8.02,18826.21,5074.61,15307.19,3848.65,1025.8645,172.0107,958.4992,150.2661,173.455674,60.391343
21,Aurora 384_jd foci siRNA SP TP-JD035_20230209_152834,TP-JD035,183,8,15,H,15,H-15,siMSH3,0,8,Test,,0,0,uM,2023-02-09 16:48:19 +01:00,1,0,,11,115.7057,52.7367,209.8344,734.5817,-421.8437,445.1571,150.8377,45.1348,164.6019,46.6574,120.5271,64.8213,134.0464,64.8047,17.0122,4.0493,46.8504,13.3014,0.491651,0.116671,1.599166,0.307053,1.976101,0.446405,509.9367,103.9480,942.1291,226.5991,10.00,9.00,25861.81,9759.92,22241.45,10107.22,1276.2991,335.5721,1172.8624,355.8689,255.274910,117.451994
32,Aurora 384_jd foci siRNA SP TP-JD035_20230209_152834,TP-JD035,184,8,16,H,16,H-16,siTHOC1,0,9,Test,,0,0,uM,2023-02-09 16:51:10 +01:00,1,0,,18,133.5253,31.8820,-68.4385,609.3219,53.9657,726.1033,122.3580,47.7840,136.9657,48.4448,95.0822,44.3318,108.4088,42.8034,17.0489,2.2975,47.9090,6.7618,0.582010,0.106056,1.395987,0.162455,1.701510,0.381272,561.9823,104.6763,815.5380,135.1527,16.89,13.41,21697.66,5764.11,18957.03,5509.27,1103.6801,213.5834,1026.0514,179.2007,171.635008,66.621720
58,Aurora 384_jd foci siRNA SP TP-JD035_20230209_152834,TP-JD035,185,8,17,H,17,H-17,NT,0,10,Test,,0,0,uM,2023-02-09 16:54:02 +01:00,1,0,,23,136.5137,61.6566,-65.1640,734.6032,-73.5308,516.8957,130.9873,60.4738,145.4649,59.0763,91.2980,37.7802,105.0728,37.6067,16.7115,4.1856,49.6430,13.0696,0.606956,0.126546,1.505129,0.246593,1.687392,0.528531,568.8429,96.7159,877.6421,200.3499,20.48,14.08,25613.39,6657.88,20509.04,5867.73,1263.9673,219.7928,1150.0891,191.5962,221.978939,101.726371
39,Aurora 384_jd foci siRNA SP TP-JD035_20230209_152834,TP-JD035,200,9,8,I,8,I-08,NT,100,1,Test,,0,0,uM,2023-02-09 17:23:50 +01:00,1,0,,3,209.4078,89.3002,-226.7717,884.2109,150.7501,782.1452,129.8534,53.6678,148.6041,49.6563,68.5368,27.5802,84.5574,26.5547,20.6753,5.3596,59.5719,18.2747,0.607063,0.082131,1.368423,0.242853,1.466341,0.366762,629.8192,33.5192,754.1231,173.3130,49.33,31.94,20393.83,3472.15,16209.67,3326.29,1095.9204,177.7794,967.9454,128.3030,107.237294,36.147801
20,Aurora 384_jd foci siRNA SP TP-JD035_20230209_152834,TP-JD035,201,9,9,I,9,I-09,siCON1 ,100,2,Test,,0,0,uM,2023-02-09 17:20:58 +01:00,1,0,,20,116.3220,32.9408,-103.2416,655.9390,88.9441,557.7229,112.2128,41.6937,125.4244,40.8844,103.5110,46.9097,116.5017,46.3161,16.2603,4.0191,43.8459,8.0735,0.580847,0.141366,1.336011,0.156971,1.782438,0.482646,580.4361,85.9225,831.1020,106.3481,24.80,14.93,24988.19,4195.89,19660.15,3887.23,1243.2882,136.0911,1147.1358,154.1370,230.321164,67.214503
2,Aurora 384_jd foci siRNA SP TP-JD035_20230209_152834,TP-JD035,202,9,10,I,10,I-10,siCON2,100,3,Test,,0,0,uM,2023-02-09 17:18:06 +01:00,1,0,,22,130.1630,32.5628,-49.0822,632.2092,231.3826,520.8009,136.0694,63.6815,150.7936,63.7095,113.3413,58.5762,127.1006,59.6447,17.6719,4.2989,48.0472,8.8121,0.559145,0.147488,1.433369,0.263508,1.897845,0.677539,586.0835,66.8846,854.4301,166.7552,19.50,10.29,25817.37,4289.08,21121.41,5732.12,1272.1215,154.3384,1177.6344,193.7199,211.748429,67.592043
31,Aurora 384_jd foci siRNA SP TP-JD035_20230209_152834,TP-JD035,203,9,11,I,11,I-11,siLuc,100,4,Test,,0,0,uM,2023-02-09 17:15:15 +01:00,1,0,,24,109.0204,37.0653,56.6381,573.3449,-49.1337,640.2990,110.7032,52.0885,123.4820,52.6814,126.5038,57.3330,139.4667,57.9528,16.2255,3.1879,43.3367,7.7629,0.523289,0.108078,1.415821,0.168401,1.958554,0.450580,509.8441,50.0437,982.0545,136.8487,17.92,13.87,29600.72,5491.34,23249.56,4245.51,1410.1235,189.4840,1308.4496,184.5942,304.036769,129.354338
44,Aurora 384_jd foci siRNA SP TP-JD035_20230209_152834,TP-JD035,204,9,12,I,12,I-12,siPLK1,100,5,Test,,0,0,uM,2023-02-09 17:12:23 +01:00,1,0,,377,129.0662,55.1564,-14.4418,683.1103,-33.2006,636.6031,104.2744,57.7259,118.7042,57.8745,103.6692,58.0324,117.6592,57.7386,16.7965,4.2351,52.9625,14.4969,0.564423,0.126035,1.861756,0.592201,1.565871,0.438285,650.9225,110.5289,312.3550,106.2107,1.51,2.58,5402.71,6348.57,5162.09,5842.43,335.1690,344.3617,329.6426,335.6199,49.868940,79.688895
59,Aurora 384_jd foci siRNA SP TP-JD035_20230209_152834,TP-JD035,205,9,13,I,13,I-13,siDDX17,100,6,Test,,0,0,uM,2023-02-09 17:09:31 +01:00,1,0,,13,72.7124,29.2374,413.0790,427.8353,191.6490,671.6572,83.3250,66.5102,92.9656,66.9808,108.4005,60.9111,118.6047,61.5667,12.3171,2.7028,34.1621,7.0055,0.604161,0.113055,1.331139,0.167798,1.650636,0.391757,443.1901,69.9652,959.1796,155.9661,12.31,9.66,25914.40,6155.71,20908.19,4850.64,1284.4229,224.6770,1179.8077,183.9392,414.215453,190.536811
49,Aurora 384_jd foci siRNA SP TP-JD035_20230209_152834,TP-JD035,206,9,14,I,14,I-14,siSETX,100,7,Test,,0,0,uM,2023-02-09 17:06:39 +01:00,1,0,,82,112.9399,33.9006,-3.0900,641.8355,223.1291,655.3631,112.6470,53.2383,125.3406,53.6981,99.4330,55.3279,112.8967,55.5341,16.0451,3.4513,44.2556,7.6154,0.572235,0.139655,1.419092,0.242974,1.803543,0.615094,566.4707,80.5545,658.2763,133.3233,17.01,12.00,17258.51,5611.97,14584.73,4697.81,957.5799,235.9091,905.3284,218.3986,170.201136,96.260363
52,Aurora 384_jd foci siRNA SP TP-JD035_20230209_152834,TP-JD035,207,9,15,I,15,I-15,siMSH3,100,8,Test,,0,0,uM,2023-02-09 17:03:48 +01:00,1,0,,32,117.0142,41.7761,75.4915,644.7810,173.8436,647.0993,101.9969,54.3428,115.4975,54.3459,109.9107,52.2657,123.4349,52.4713,16.3071,3.8189,47.8190,10.3387,0.567012,0.143531,1.636931,0.431936,1.709455,0.541855,559.5789,110.3912,977.3560,144.8975,10.78,7.93,25759.29,15255.50,21718.75,14492.58,1248.8415,405.9966,1140.9920,369.9801,266.738291,286.730191
48,Aurora 384_jd foci siRNA SP TP-JD035_20230209_152834,TP-JD035,208,9,16,I,16,I-16,siTHOC1,100,9,Test,,0,0,uM,2023-02-09 17:00:56 +01:00,1,0,,23,115.5064,46.6858,-28.8364,608.3939,69.7290,631.0818,83.6609,62.0449,96.3394,63.2215,107.5888,43.8133,120.9467,43.8826,15.9099,3.4415,45.4361,10.0763,0.577713,0.133734,1.482947,0.257746,1.746589,0.504506,518.1916,82.2120,678.2564,158.4387,19.26,9.79,19403.21,5232.04,16885.28,5036.09,1038.0424,225.0828,1007.2105,232.3271,196.820595,106.909168
46,Aurora 384_jd foci siRNA SP TP-JD035_20230209_152834,TP-JD035,209,9,17,I,17,I-17,NT,100,10,Test,,0,0,uM,2023-02-09 16:56:54 +01:00,1,0,,13,131.5950,45.2588,-230.2581,612.4917,72.2663,803.8869,117.7592,68.9534,131.0471,68.1053,92.9159,69.3232,107.2068,69.8045,16.2094,2.8856,49.9641,13.4524,0.624765,0.105480,1.541049,0.381838,1.469032,0.294296,572.1848,103.2969,808.5870,177.3700,21.00,14.26,19562.52,7489.02,16152.27,6987.22,1043.4327,361.9315,990.4848,370.7907,159.434952,72.351169
5,Aurora 384_jd foci siRNA SP TP-JD035_20230209_152834,TP-JD035,224,10,8,J,8,J-08,NT,100,1,Test,,0,0,uM,2023-02-09 17:27:50 +01:00,1,0,,12,115.5637,53.0217,-133.7088,596.0499,18.9700,689.1025,81.4323,58.1306,95.3695,58.6495,95.1091,54.9128,106.8013,55.1061,15.6162,4.5532,45.1955,12.9248,0.608727,0.146248,1.457178,0.213217,1.646421,0.550914,566.4195,99.2449,865.0741,187.2967,26.58,17.61,22367.93,7972.10,18534.54,6782.90,1195.8389,291.4398,1079.7645,235.6585,225.583070,102.767803
36,Aurora 384_jd foci siRNA SP TP-JD035_20230209_152834,TP-JD035,225,10,9,J,9,J-09,siCON1 ,100,2,Test,,0,0,uM,2023-02-09 17:30:42 +01:00,1,0,,12,135.5811,45.8484,-245.1044,715.0374,-161.2246,478.4412,113.5185,56.8981,127.2761,58.0728,94.3817,64.6170,108.4806,65.0305,16.1016,3.1645,48.9561,11.4202,0.657106,0.109128,1.427041,0.234683,1.463412,0.341384,575.9373,90.2983,860.2190,171.2644,23.75,12.36,25441.18,7498.94,20606.33,6243.67,1276.4678,281.3853,1166.9523,258.1210,198.069932,58.454126
42,Aurora 384_jd foci siRNA SP TP-JD035_20230209_152834,TP-JD035,226,10,10,J,10,J-10,siCON2,100,3,Test,,0,0,uM,2023-02-09 17:33:34 +01:00,1,0,,24,123.8866,24.6978,-40.7021,587.2136,328.3134,457.4985,130.1049,46.4262,142.7131,46.9067,107.2638,53.1346,122.3011,54.2845,17.0540,2.7180,46.9086,6.1907,0.555034,0.125329,1.433893,0.215735,1.838345,0.569870,599.1476,89.1091,871.5430,161.9756,17.00,7.12,26006.57,8166.96,21892.23,8034.68,1303.5025,279.6749,1254.7592,319.0595,220.553577,89.293787
29,Aurora 384_jd foci siRNA SP TP-JD035_20230209_152834,TP-JD035,227,10,11,J,11,J-11,siLuc,100,4,Test,,0,0,uM,2023-02-09 17:36:25 +01:00,1,0,,12,99.7569,37.6729,227.4551,563.2521,254.5487,372.9785,120.4781,42.7941,131.8560,41.6344,128.5962,25.5901,141.2313,26.3244,14.4944,4.1239,41.6384,9.9803,0.621057,0.161825,1.441447,0.291590,1.635385,0.512326,568.0233,162.5517,839.4658,205.7641,15.67,9.46,23138.54,3997.59,18455.63,3492.90,1198.7546,172.8615,1084.1437,171.6181,265.061348,110.289871
28,Aurora 384_jd foci siRNA SP TP-JD035_20230209_152834,TP-JD035,228,10,12,J,12,J-12,siPLK1,100,5,Test,,0,0,uM,2023-02-09 17:39:17 +01:00,1,0,,244,121.4350,61.3508,-73.9982,648.7640,77.4524,615.2389,106.1824,54.6793,120.7361,54.7478,96.4573,56.0465,109.9382,56.8688,16.9228,5.4145,53.2929,18.3400,0.528787,0.128303,1.997189,0.690058,1.653472,0.547630,614.4965,103.5850,264.8581,88.4894,1.59,3.84,4945.86,6035.26,4657.50,5675.42,303.2076,329.4453,295.3417,319.2977,45.384944,68.371106
56,Aurora 384_jd foci siRNA SP TP-JD035_20230209_152834,TP-JD035,229,10,13,J,13,J-13,siDDX17,100,6,Test,,0,0,uM,2023-02-09 17:42:08 +01:00,1,0,,8,99.3858,51.0707,246.0269,609.4727,39.6588,837.8790,138.8516,32.6374,150.6650,36.1401,110.1060,63.7689,122.3236,65.7356,15.0089,5.1807,42.3777,13.8886,0.550471,0.122377,1.537496,0.285475,1.797135,0.490411,547.6812,94.6019,860.2961,294.4097,14.38,16.26,25922.83,15002.71,24257.94,16824.70,1213.1088,564.9660,1202.5067,611.0584,340.536704,374.684110
37,Aurora 384_jd foci siRNA SP TP-JD035_20230209_152834,TP-JD035,230,10,14,J,14,J-14,siSETX,100,7,Test,,0,0,uM,2023-02-09 17:45:00 +01:00,1,0,,98,115.9852,33.3348,-10.8114,626.2313,124.0971,583.3870,112.4850,56.5495,125.0921,57.0373,92.9075,56.5153,106.6725,56.4298,16.3451,3.6178,44.4537,8.1990,0.568912,0.141573,1.394042,0.266367,1.811017,0.540428,586.4872,81.0905,447.7218,87.2973,19.14,15.40,12192.02,4283.50,10651.82,3891.77,716.9195,227.5530,687.3797,217.4366,114.153099,53.885428
7,Aurora 384_jd foci siRNA SP TP-JD035_20230209_152834,TP-JD035,231,10,15,J,15,J-15,siMSH3,100,8,Test,,0,0,uM,2023-02-09 17:47:51 +01:00,1,0,,25,133.8860,53.2756,278.9070,628.4553,249.0263,745.9957,114.5685,61.8342,128.3232,62.4127,106.5337,60.5835,121.4523,61.1167,17.7620,5.0881,51.2231,15.4035,0.545322,0.145699,1.643510,0.543224,1.722985,0.464578,619.4510,100.0268,804.3759,213.7242,13.84,9.87,19708.56,9650.49,16649.98,7683.87,1071.9839,400.0670,991.0504,350.7002,164.963720,94.844232
34,Aurora 384_jd foci siRNA SP TP-JD035_20230209_152834,TP-JD035,232,10,16,J,16,J-16,siTHOC1,100,9,Test,,0,0,uM,2023-02-09 17:50:43 +01:00,1,0,,14,131.7377,55.1988,-246.5163,778.2143,-52.3392,505.9897,106.6307,64.2231,121.2325,65.3002,109.0246,39.4252,122.5410,38.7923,16.3923,3.1718,48.8558,10.0208,0.596000,0.118030,1.546399,0.362590,1.520064,0.310978,526.6043,77.3883,528.4511,101.1227,22.79,27.03,17410.35,5440.50,15792.25,6204.39,905.8786,179.7293,874.4033,163.6947,147.504461,58.322800
43,Aurora 384_jd foci siRNA SP TP-JD035_20230209_152834,TP-JD035,233,10,17,J,17,J-17,NT,100,10,Test,,0,0,uM,2023-02-09 17:53:35 +01:00,1,0,,21,138.9840,45.4489,7.8729,610.1477,82.8771,498.3590,99.7827,67.1080,113.5352,66.4521,116.8040,55.2145,131.4853,55.0141,16.4474,3.3606,50.1701,8.5878,0.639487,0.111629,1.485390,0.215502,1.448757,0.314303,625.9246,90.0835,881.2307,194.5463,29.67,14.86,24757.50,6710.08,21477.60,5708.08,1278.0061,283.8101,1196.8187,260.5121,194.325082,73.850747
33,Aurora 384_jd foci siRNA SP TP-JD035_20230209_152834,TP-JD035,248,11,8,K,8,K-08,NT,100,1,Test,,0,0,uM,2023-02-09 18:23:22 +01:00,1,0,,5,155.2686,43.1250,-209.4195,703.7946,202.3273,435.6241,90.9513,68.8377,106.2966,68.8757,118.3229,62.0163,133.5389,60.9242,17.0421,2.4043,52.2362,7.3798,0.672775,0.103640,1.421279,0.126392,1.476117,0.211479,608.3715,47.1960,663.2115,129.0244,39.20,23.47,19378.68,4046.52,15848.40,4489.94,1034.8683,172.0503,972.1797,187.6646,130.379641,36.041547
40,Aurora 384_jd foci siRNA SP TP-JD035_20230209_152834,TP-JD035,249,11,9,K,9,K-09,siCON1 ,100,2,Test,,0,0,uM,2023-02-09 18:20:31 +01:00,1,0,,9,118.6340,64.8706,-87.8362,622.2337,-256.7300,520.7168,127.3869,49.3672,141.3481,50.7268,94.9145,65.5730,107.3910,63.0133,15.7699,4.0266,48.2012,14.3932,0.573996,0.113661,1.666278,0.391114,1.610600,0.299310,504.3119,77.4440,684.8679,185.8153,19.00,13.67,20766.04,6287.60,16278.56,5344.96,1069.9333,251.0686,972.9821,203.2226,216.328210,119.052904
47,Aurora 384_jd foci siRNA SP TP-JD035_20230209_152834,TP-JD035,250,11,10,K,10,K-10,siCON2,100,3,Test,,0,0,uM,2023-02-09 18:17:39 +01:00,1,0,,11,189.2731,64.2593,312.4404,546.8047,21.5281,837.6215,75.6687,54.2857,92.1367,56.9191,87.1208,56.4673,103.2068,55.2491,18.3785,3.1287,57.4400,11.9229,0.684917,0.097888,1.435785,0.230976,1.378879,0.284552,616.0751,54.8706,806.1527,133.2707,28.27,29.59,18774.13,6813.27,16037.05,5868.37,1070.8551,232.2820,1026.6292,213.6312,109.286368,53.333462
51,Aurora 384_jd foci siRNA SP TP-JD035_20230209_152834,TP-JD035,251,11,11,K,11,K-11,siLuc,100,4,Test,,0,0,uM,2023-02-09 18:14:47 +01:00,1,0,,12,112.0508,28.3712,-36.0006,638.9446,-307.2333,673.4381,125.9471,59.5449,138.4565,60.2513,97.6415,67.2312,110.1779,67.9854,14.5795,1.8210,43.8135,4.4109,0.666409,0.108522,1.400411,0.177611,1.456052,0.361046,529.4721,71.8451,932.3386,117.9552,22.42,6.58,26074.76,4195.54,22695.29,5725.99,1294.9624,162.0721,1223.4586,214.6040,246.195457,68.901278
18,Aurora 384_jd foci siRNA SP TP-JD035_20230209_152834,TP-JD035,252,11,12,K,12,K-12,siPLK1,100,5,Test,,0,0,uM,2023-02-09 18:11:55 +01:00,1,0,,659,128.5482,58.2371,-9.1025,651.7405,-99.4495,650.9272,102.8403,57.7342,116.9305,57.6102,104.2592,57.3660,118.4413,57.1678,16.5061,3.8369,54.6997,16.6691,0.571332,0.125459,2.003807,0.738565,1.529915,0.411607,588.9615,99.0066,318.0286,84.6647,1.84,2.98,5716.06,6224.26,5361.09,5567.97,358.2872,330.1143,350.0850,315.8746,53.216786,69.853134
50,Aurora 384_jd foci siRNA SP TP-JD035_20230209_152834,TP-JD035,253,11,13,K,13,K-13,siDDX17,100,6,Test,,0,0,uM,2023-02-09 18:09:04 +01:00,1,0,,10,109.1105,55.3646,73.1272,688.2642,130.0255,637.2871,94.3566,62.2150,107.2126,63.2642,127.0947,44.9706,139.7999,47.0969,14.6223,3.6855,46.4247,13.2090,0.604359,0.126731,1.686489,0.285744,1.499537,0.410179,538.5908,100.9364,925.9154,241.5778,15.90,14.15,18290.37,10411.90,16577.35,9739.39,1020.8721,488.6621,970.7211,450.7031,200.256680,136.823231
55,Aurora 384_jd foci siRNA SP TP-JD035_20230209_152834,TP-JD035,254,11,14,K,14,K-14,siSETX,100,7,Test,,0,0,uM,2023-02-09 18:06:12 +01:00,1,0,,52,116.5356,46.3828,8.2021,663.6643,-55.0110,602.8737,112.0706,58.1344,124.6436,58.3988,104.7697,56.5677,117.7903,55.7440,14.7370,3.1435,45.1028,11.2636,0.663127,0.118381,1.457706,0.356081,1.419642,0.302413,584.5530,102.6286,460.4076,92.1088,8.92,10.28,10803.45,5044.45,9307.96,3944.75,636.5179,254.1694,605.1971,232.0118,111.483426,98.233243
10,Aurora 384_jd foci siRNA SP TP-JD035_20230209_152834,TP-JD035,255,11,15,K,15,K-15,siMSH3,100,8,Test,,0,0,uM,2023-02-09 18:03:20 +01:00,1,0,,36,142.6635,62.6798,-213.4415,642.2739,-147.6886,565.6630,109.2080,60.3585,123.4176,60.6856,116.4371,64.1648,131.0598,63.3876,16.5158,3.0215,53.7673,13.0007,0.629718,0.128973,1.748386,0.492627,1.430128,0.320822,551.0301,104.4196,856.3929,180.9747,12.11,12.58,18500.46,7813.11,16492.83,7207.80,1036.7324,326.8402,1006.2658,305.8032,150.382404,83.101477
53,Aurora 384_jd foci siRNA SP TP-JD035_20230209_152834,TP-JD035,256,11,16,K,16,K-16,siTHOC1,100,9,Test,,0,0,uM,2023-02-09 18:00:29 +01:00,1,0,,6,125.7403,50.1564,224.8469,635.4277,39.4264,430.5468,152.5194,30.8439,166.7979,29.7586,73.5657,64.6757,87.1976,61.9183,15.9830,3.1754,51.5298,14.0085,0.601344,0.129708,1.739417,0.327593,1.536088,0.288699,470.8026,85.2322,521.5449,127.1753,31.33,16.26,15318.32,2660.70,11938.08,2083.48,834.2422,155.6279,758.2105,140.5433,138.115931,50.401688
60,Aurora 384_jd foci siRNA SP TP-JD035_20230209_152834,TP-JD035,257,11,17,K,17,K-17,NT,100,10,Test,,0,0,uM,2023-02-09 17:57:37 +01:00,1,0,,26,160.1520,77.6547,-216.2780,619.0114,44.1283,659.3145,122.2438,61.8713,137.7781,60.6523,79.1555,53.0235,94.2961,52.4488,17.4976,3.9496,57.5583,17.3515,0.626539,0.079415,1.720146,0.327865,1.488569,0.295806,585.6820,88.6909,826.2912,138.5356,34.31,27.23,23111.43,5628.39,20002.27,5464.67,1195.8431,204.9617,1146.3651,236.6541,186.222992,129.432663
